mese;OBIETTIVO_sedute_individuali_settimana;OBIETTIVO_membri_gruppo_presenza;OBIETTIVO_membri_gruppo_online;OBIETTIVO_fatturato_mese;primi_colloqui;primi_colloqui_diventati_percorsi;fonte_passaparola;fonte_medici_di_base;fonte_colleghi;fonte_sito_social;fonte_aperitivo;fonte_google;fonte_altro;pazienti_individuali_attivi;sedute_individuali_mese;ore_cliniche_settimana_media;lista_attesa;membri_gruppo_presenza;membri_gruppo_online;richieste_info_gruppo;colloqui_preliminari_gruppo;uscite_dal_gruppo;aperitivo_presenti;aperitivo_nuovi;iscritti_modulo_totali;iscritti_newsletter_totali;iscritti_ciclo_breve;visite_medici_di_base;contatti_altri_invianti;invii_ricevuti;contatti_da_social;copertura_media_post;fatturato_individuale;fatturato_gruppi;fatturato_cicli_brevi;fatturato_enti_comuni;fatturato_supervisione_formazione;fatturato_altro;FATTURATO_TOTALE;note_azione_correttiva
ott 2026;6;0;0;1440;;;;;;;;;;;;;;;;;;;;;;;;;;;;;;;;;;;;
nov 2026;6,5;0;0;1577;;;;;;;;;;;;;;;;;;;;;;;;;;;;;;;;;;;;
dic 2026;7,0;3;0;1621;;;;;;;;;;;;;;;;;;;;;;;;;;;;;;;;;;;;
gen 2027;7,5;3;0;3204;;;;;;;;;;;;;;;;;;;;;;;;;;;;;;;;;;;;
feb 2027;8,0;4;0;2597;;;;;;;;;;;;;;;;;;;;;;;;;;;;;;;;;;;;
mar 2027;8,5;4;0;3585;;;;;;;;;;;;;;;;;;;;;;;;;;;;;;;;;;;;
apr 2027;9,0;5;0;3044;;;;;;;;;;;;;;;;;;;;;;;;;;;;;;;;;;;;
mag 2027;9,5;5;0;4347;;;;;;;;;;;;;;;;;;;;;;;;;;;;;;;;;;;;
giu 2027;10,0;6;0;4591;;;;;;;;;;;;;;;;;;;;;;;;;;;;;;;;;;;;
lug 2027;10,5;6;0;3660;;;;;;;;;;;;;;;;;;;;;;;;;;;;;;;;;;;;
ago 2027;10,5;7;0;959;;;;;;;;;;;;;;;;;;;;;;;;;;;;;;;;;;;;
set 2027;10,5;7;0;4364;;;;;;;;;;;;;;;;;;;;;;;;;;;;;;;;;;;;
ott 2027;9,0;7;3;6254;;;;;;;;;;;;;;;;;;;;;;;;;;;;;;;;;;;;
nov 2027;9,0;7;3;5018;;;;;;;;;;;;;;;;;;;;;;;;;;;;;;;;;;;;
dic 2027;9,0;7;4;3319;;;;;;;;;;;;;;;;;;;;;;;;;;;;;;;;;;;;
gen 2028;9,0;7;4;4366;;;;;;;;;;;;;;;;;;;;;;;;;;;;;;;;;;;;
feb 2028;9,0;7;5;5430;;;;;;;;;;;;;;;;;;;;;;;;;;;;;;;;;;;;
mar 2028;9,0;7;5;6794;;;;;;;;;;;;;;;;;;;;;;;;;;;;;;;;;;;;
apr 2028;9,0;7;6;4918;;;;;;;;;;;;;;;;;;;;;;;;;;;;;;;;;;;;
mag 2028;9,0;7;6;5868;;;;;;;;;;;;;;;;;;;;;;;;;;;;;;;;;;;;
giu 2028;9,0;7;6;5808;;;;;;;;;;;;;;;;;;;;;;;;;;;;;;;;;;;;
lug 2028;9,0;7;6;4718;;;;;;;;;;;;;;;;;;;;;;;;;;;;;;;;;;;;
ago 2028;9,0;7;6;1117;;;;;;;;;;;;;;;;;;;;;;;;;;;;;;;;;;;;
set 2028;10,0;7;6;5256;;;;;;;;;;;;;;;;;;;;;;;;;;;;;;;;;;;;
ott 2028;11,0;7;6;7594;;;;;;;;;;;;;;;;;;;;;;;;;;;;;;;;;;;;
nov 2028;12,0;7;6;7522;;;;;;;;;;;;;;;;;;;;;;;;;;;;;;;;;;;;
dic 2028;13,0;7;6;4465;;;;;;;;;;;;;;;;;;;;;;;;;;;;;;;;;;;;
