ID;Attività;Stato;coerenza (peso 15);deontologia (peso 10);economico (peso 20);indiretto (peso 15);ore (peso 15);rischio (peso 10);scalabilita (peso 5);senso (peso 10);Verdetto;Punteggio /100
A1;Psicoterapia individuale;in corso;5;5;4;4;3;5;1;5;Potenziare;83
A2;Psicoterapia di gruppo (Trofarello);in corso;5;5;5;4;5;4;3;5;Potenziare;93
A3;Aperitivo Psicologico;in corso;4;4;1;3;3;5;3;5;Riprogettare;65
A4;Merenda Psicologica;interrotta;3;4;1;2;2;4;2;2;Sospendere;47
A5;Lo psicologo tra le righe (biblioteca);in avvio;4;5;1;4;3;5;4;4;Mantenere così;69
A6;Formazione caregiver per Comuni;in avvio;4;5;4;4;3;3;5;4;Potenziare;78
A7;Libro 'E se avesse ragione la Cicala?';in corso;5;5;1;3;4;5;3;4;Riprogettare;71
A8;Docenza SGAI;in avvio;5;5;2;5;3;5;2;5;Potenziare;79
A9;Docenza universitaria (a contratto SSN);in corso;4;4;2;3;2;3;1;4;Mantenere così;58
A10;Social e sito (per la psicoterapia individuale);in corso;4;4;3;4;2;5;4;3;Riprogettare;70
A11;Campagna social per il gruppo;in corso;3;4;1;2;2;5;3;2;Sospendere;50
N1;Rete strutturata di invianti (MMG, nutrizionisti, dietisti, colleghi SGAI);nuova;5;5;4;5;4;5;3;3;Priorità alta;87
N2;Ciclo psicoeducativo breve a pagamento (gradino dopo l'Aperitivo);nuova;5;5;3;5;4;5;4;4;Priorità alta;86
N3;Supervisione e formazione per colleghi sulla conduzione di gruppi;nuova;5;5;3;4;4;5;4;5;Priorità media (anno 2);85
N4;Secondo gruppo terapeutico online;nuova;4;4;5;3;5;4;4;3;Priorità alta;82
N5;Gruppi di sostegno per caregiver a pagamento (dopo la formazione comunale);nuova;5;5;3;4;4;4;4;4;Priorità media;81
N6;Formazione ECM / organizzazioni sanitarie e Terzo Settore;nuova;5;5;4;3;3;3;4;4;Priorità media;77
N7;Google Business Profile e pagine del sito per problema;nuova;4;4;4;3;4;5;4;2;Priorità alta;75
N8;Benessere organizzativo e welfare aziendale per PMI;nuova;5;4;4;3;3;3;4;3;Priorità bassa;73
N9;Subaffitto a ore dello studio di Trofarello a colleghi;nuova;3;5;3;3;5;4;2;2;Priorità media (da verificare);69
N10;Esperienze outdoor (psicologia in natura);nuova;3;4;3;4;3;2;3;5;Pilota nell'anno 2;67
N11;Corsi online asincroni per il pubblico;nuova;3;4;2;2;1;3;5;3;Scartare per ora;51
