scenario;anno;mese;stato;sedute_individuali_settimana;prezzo_medio_seduta;membri_gruppo_trofarello;membri_gruppo_online;ore_cliniche_settimana;ricavi_individuale;ricavi_gruppo_trofarello;ricavi_gruppo_online;ricavi_cicli_brevi;ricavi_caregiver_comuni;ricavi_supervisione_equipe;ricavi_altri_gruppi;ricavi_outdoor;ricavi_biblioteca;ricavi_totali;costi;stipendio_netto;fatturato_annualizzato_6_mesi;soglia_60k_raggiunta
prudente;2026;ott 2026;dipendente;6;60.0;0;0;6.0;1440;0;0;0;0;0;0;0;0;1440;294;2000;15840;
prudente;2026;nov 2026;dipendente;6.3;60.6;0;0;6.3;1526;0;0;0;0;0;0;0;0;1526;469;2000;16313;
prudente;2026;dic 2026;dipendente;6.6;61.1;0;0;6.6;1210;0;0;0;0;0;0;0;0;1210;319;4000;16704;
prudente;2027;gen 2027;dipendente;6.9;61.7;0;0;6.9;1702;0;0;0;0;0;0;0;0;1702;328;2000;17242;
prudente;2027;feb 2027;dipendente;7.2;62.2;3;0;8.7;1792;432;0;0;0;0;0;0;0;2224;328;2000;18763;
prudente;2027;mar 2027;dipendente;7.5;62.8;3;0;9.0;1883;432;0;0;0;0;0;0;0;2315;328;2000;19928;
prudente;2027;apr 2027;dipendente;7.8;63.3;3;0;9.3;1976;432;0;840;0;0;0;0;0;3248;328;2000;23387;
prudente;2027;mag 2027;dipendente;8.1;63.9;4;0;9.6;2070;576;0;0;900;0;0;0;0;3546;328;2000;27251;
prudente;2027;giu 2027;dipendente;8.4;64.4;4;0;9.9;2165;576;0;0;0;0;0;0;0;2741;328;2000;28923;
prudente;2027;lug 2027;dipendente;8.7;65.0;4;0;10.2;2262;576;0;0;0;0;0;0;0;2838;328;2000;31005;
prudente;2027;ago 2027;dipendente;9.0;65.6;5;0;10.5;590;180;0;0;0;0;0;0;0;770;328;2000;32388;
prudente;2027;set 2027;dipendente;9.3;66.1;5;0;10.8;2459;720;0;0;0;0;0;0;0;3179;328;2000;34198;
prudente;2027;ott 2027;dipendente;9.6;66.7;5;0;11.1;2560;720;0;840;0;0;0;0;0;4120;328;2000;36026;
prudente;2027;nov 2027;dipendente;9.9;67.2;6;0;11.4;2662;864;0;0;900;0;0;0;0;4426;328;2000;37869;
prudente;2027;dic 2027;dipendente;10.2;67.8;6;0;11.7;2074;648;0;0;0;0;0;0;0;2722;328;4000;39721;
prudente;2028;gen 2028;dipendente;9.0;68.3;6;3;12.0;2460;864;420;0;0;250;0;0;0;3994;742;2000;42264;
prudente;2028;feb 2028;dipendente;9.0;68.9;7;3;12.0;2480;1008;420;0;0;250;0;0;0;4158;342;2000;43233;
prudente;2028;mar 2028;dipendente;9.0;69.4;7;3;12.0;2500;1008;420;0;0;250;0;0;0;4178;342;2000;45144;
prudente;2028;apr 2028;dipendente;9.0;70;7;4;12.0;2520;1008;560;840;900;250;0;0;0;6078;342;2000;48890;
prudente;2028;mag 2028;dipendente;9.0;70;7;4;12.0;2520;1008;560;0;0;250;1200;250;0;5788;442;2000;51495;
prudente;2028;giu 2028;dipendente;9.0;70;7;4;12.0;2520;1008;560;0;0;250;0;250;0;4588;442;2000;52771;
prudente;2028;lug 2028;dipendente;9.0;70;7;5;12.0;2520;1008;700;0;0;250;0;0;0;4478;342;2000;53658;
prudente;2028;ago 2028;dipendente;9.0;70;7;5;12.0;630;252;175;0;0;0;0;0;0;1057;342;2000;54826;
prudente;2028;set 2028;dipendente;9.0;70;7;5;12.0;2520;1008;700;0;0;250;0;250;0;4728;442;2000;55978;
prudente;2028;ott 2028;dipendente;9.0;70;7;6;12.0;2520;1008;840;840;900;250;0;0;0;6358;342;2000;56565;
prudente;2028;nov 2028;dipendente;9.0;70;7;6;12.0;2520;1008;840;0;0;250;0;0;0;4618;342;2000;54114;
prudente;2028;dic 2028;dipendente;9.0;70;7;6;12.0;1890;756;630;0;0;250;0;0;0;3526;342;4000;54483;
realistico;2026;ott 2026;dipendente;6;60.0;0;0;6.0;1440;0;0;0;0;0;0;0;0;1440;294;2000;15840;
realistico;2026;nov 2026;dipendente;6.5;60.7;0;0;6.5;1577;0;0;0;0;0;0;0;0;1577;469;2000;16594;
realistico;2026;dic 2026;dipendente;7.0;61.3;3;0;8.5;1288;333;0;0;0;0;0;0;0;1621;319;4000;18552;
realistico;2027;gen 2027;dipendente;7.5;62.0;3;0;9.0;1860;444;0;0;900;0;0;0;0;3204;728;2000;23003;
realistico;2027;feb 2027;dipendente;8.0;62.7;4;0;9.5;2005;592;0;0;0;0;0;0;0;2597;328;2000;24175;
realistico;2027;mar 2027;dipendente;8.5;63.3;4;0;10.0;2153;592;0;840;0;0;0;0;0;3585;328;2000;26829;
realistico;2027;apr 2027;dipendente;9.0;64.0;5;0;10.5;2304;740;0;0;0;0;0;0;0;3044;328;2000;29897;
realistico;2027;mag 2027;dipendente;9.5;64.7;5;0;11.0;2457;740;0;0;900;0;0;250;0;4347;428;2000;35196;
realistico;2027;giu 2027;dipendente;10.0;65.3;6;0;11.5;2613;888;0;840;0;0;0;250;0;4591;428;2000;39175;
realistico;2027;lug 2027;dipendente;10.5;66.0;6;0;12.0;2772;888;0;0;0;0;0;0;0;3660;328;2000;40011;
realistico;2027;ago 2027;dipendente;10.5;66.7;7;0;12.0;700;259;0;0;0;0;0;0;0;959;328;2000;42294;
realistico;2027;set 2027;dipendente;10.5;67.3;7;0;12.0;2828;1036;0;0;0;250;0;250;0;4364;428;2000;43927;
realistico;2027;ott 2027;dipendente;9.0;68.0;7;3;12.0;2448;1036;420;0;900;250;1200;0;0;6254;342;2000;50652;
realistico;2027;nov 2027;dipendente;9.0;68.7;7;3;12.0;2472;1036;420;840;0;250;0;0;0;5018;342;2000;52058;
realistico;2027;dic 2027;dipendente;9.0;69.3;7;4;12.0;1872;777;420;0;0;250;0;0;0;3319;342;4000;51863;
realistico;2028;gen 2028;dipendente;9.0;70.0;7;4;12.0;2520;1036;560;0;0;250;0;0;0;4366;342;2000;53416;
realistico;2028;feb 2028;dipendente;9.0;70.7;7;5;12.0;2544;1036;700;0;900;250;0;0;0;5430;342;2000;55002;
realistico;2028;mar 2028;dipendente;9.0;71.3;7;5;12.0;2568;1036;700;840;0;250;1200;0;200;6794;342;2000;59651;
realistico;2028;apr 2028;dipendente;9.0;72;7;6;12.0;2592;1036;840;0;0;250;0;0;200;4918;342;2000;57095;
realistico;2028;mag 2028;dipendente;9.0;72;7;6;12.0;2592;1036;840;0;900;250;0;250;0;5868;442;2000;58721;
realistico;2028;giu 2028;dipendente;9.0;72;7;6;12.0;2592;1036;840;840;0;250;0;250;0;5808;442;2000;60837;SI
realistico;2028;lug 2028;dipendente;9.0;72;7;6;12.0;2592;1036;840;0;0;250;0;0;0;4718;342;2000;61483;SI
realistico;2028;ago 2028;dipendente;9.0;72;7;6;12.0;648;259;210;0;0;0;0;0;0;1117;342;2000;61229;SI
realistico;2028;set 2028;aspettativa;10.0;72;7;6;13.0;2880;1036;840;0;0;250;0;250;0;5256;442;0;58007;
realistico;2028;ott 2028;aspettativa;11.0;72;7;6;14.0;3168;1036;840;0;900;250;1200;0;200;7594;342;0;63614;SI
realistico;2028;nov 2028;aspettativa;12.0;72;7;6;15.0;3456;1036;840;840;900;250;0;0;200;7522;342;0;67079;SI
realistico;2028;dic 2028;aspettativa;13.0;72;7;6;16.0;2808;777;630;0;0;250;0;0;0;4465;342;0;67478;SI
ottimistico;2026;ott 2026;dipendente;6;60.0;0;0;6.0;1440;0;0;0;0;0;0;0;0;1440;294;2000;15840;
ottimistico;2026;nov 2026;dipendente;6.7;60.9;4;0;8.2;1631;608;0;0;0;0;0;0;0;2239;469;2000;20234;
ottimistico;2026;dic 2026;dipendente;7.4;61.7;4;0;8.9;1370;456;0;0;0;0;0;0;0;1826;319;4000;22020;
ottimistico;2027;gen 2027;dipendente;8.1;62.6;5;0;9.6;2028;760;0;0;900;0;0;0;0;3688;728;2000;26966;
ottimistico;2027;feb 2027;dipendente;8.8;63.5;5;0;10.3;2234;760;0;840;0;0;0;0;0;3834;328;2000;30168;
ottimistico;2027;mar 2027;dipendente;9.5;64.3;6;0;11.0;2445;912;0;0;900;0;0;0;0;4257;328;2000;33065;
ottimistico;2027;apr 2027;dipendente;10.2;65.2;6;0;11.7;2660;912;0;840;0;250;1200;0;0;5862;328;2000;41525;
ottimistico;2027;mag 2027;dipendente;10.5;66.1;7;0;12.0;2775;1064;0;0;900;250;0;250;0;5239;428;2000;47264;
ottimistico;2027;giu 2027;dipendente;9.0;66.9;7;4;12.0;2410;1064;560;840;0;250;0;250;0;5374;442;2000;51799;
ottimistico;2027;lug 2027;dipendente;9.0;67.8;7;4;12.0;2441;1064;560;0;0;250;0;0;0;4315;342;2000;52948;
ottimistico;2027;ago 2027;dipendente;9.0;68.7;7;5;12.0;618;266;175;0;0;0;0;0;0;1059;342;2000;54698;
ottimistico;2027;set 2027;dipendente;9.0;69.5;7;5;12.0;2503;1064;700;0;0;250;0;250;0;4767;442;2000;55767;
ottimistico;2027;ott 2027;dipendente;9.0;70.4;7;6;12.0;2534;1064;840;0;900;250;1200;0;0;6788;342;2000;57707;
ottimistico;2027;nov 2027;dipendente;9.0;71.3;7;6;12.0;2566;1064;840;840;0;250;0;0;0;5560;342;2000;58380;
ottimistico;2027;dic 2027;dipendente;9.0;72.1;7;6;12.0;1948;798;630;0;0;250;0;0;0;3626;342;4000;57453;
ottimistico;2028;gen 2028;dipendente;9.0;73;7;6;12.0;2628;1064;840;0;900;500;0;0;0;5932;342;2000;61010;SI
ottimistico;2028;feb 2028;dipendente;9.0;73;7;6;12.0;2628;1064;840;840;0;500;0;0;0;5872;342;2000;62260;SI
ottimistico;2028;mar 2028;aspettativa;10.4;73;7;6;13.4;3037;1064;840;0;900;500;1200;0;200;7741;342;0;67949;SI
ottimistico;2028;apr 2028;aspettativa;11.8;73;7;6;14.8;3446;1064;840;840;0;500;0;250;200;7140;442;0;68623;SI
ottimistico;2028;mag 2028;aspettativa;13.2;73;7;6;16.2;3854;1064;840;0;900;500;0;250;0;7408;442;0;72158;SI
ottimistico;2028;giu 2028;aspettativa;14.6;73;7;6;17.6;4263;1064;840;840;0;500;0;250;0;7757;442;0;76725;SI
ottimistico;2028;lug 2028;aspettativa;16.0;73;7;6;19.0;4672;1064;840;0;0;500;0;0;0;7076;342;0;78822;SI
ottimistico;2028;ago 2028;aspettativa;17.4;73;7;6;20.4;1270;266;210;0;0;0;0;0;0;1746;342;0;81438;SI
ottimistico;2028;set 2028;aspettativa;18.8;73;7;6;21.8;5490;1064;840;0;900;500;0;250;0;9044;442;0;84168;SI
ottimistico;2028;ott 2028;aspettativa;19.0;73;7;6;22.0;5548;1064;840;0;900;500;1200;250;200;10502;442;0;91212;SI
ottimistico;2028;nov 2028;aspettativa;19.0;73;7;6;22.0;5548;1064;840;840;900;500;0;0;200;9892;342;0;96417;SI
ottimistico;2028;dic 2028;aspettativa;19.0;73;7;6;22.0;4161;798;630;0;0;500;0;0;0;6089;342;0;97568;SI
