scenario;anno;mesi_nel_modello;regime_fiscale;ricavi_libera_professione;costi;enpap;imposte_attribuibili_lp;aliquota_effettiva_su_utile;netto_libera_professione;stipendio_netto;docenza_netto;netto_totale;netto_medio_mensile;fatturato_annualizzato_dicembre
prudente;2026;3;ordinario;4176;1082;309;1592;61%;1192;8000;425;9617;3206;16704
prudente;2027;12;ordinario;33831;3936;3124;12572;53%;14199;26000;1700;41899;3492;39721
prudente;2027;12;forfettario;33831;3936;2774;5147;26%;21974;26000;1700;49674;4139;39721
prudente;2028;12;ordinario;53549;4804;5010;20376;52%;23360;26000;1700;51060;4255;54483
prudente;2028;12;forfettario;53549;4804;4312;7224;24%;37209;26000;1700;64909;5409;54483
realistico;2026;3;ordinario;4638;1082;356;1830;61%;1370;8000;425;9795;3265;18552
realistico;2027;12;ordinario;44942;4678;4161;16865;52%;19238;26000;1700;46938;3912;51863
realistico;2027;12;forfettario;44942;4678;3640;6317;25%;30306;26000;1700;58006;4834;51863
realistico;2028;12;ordinario;63856;4404;6080;23900;50%;29472;16000;1700;47172;3931;67478
realistico;2028;12;forfettario;63856;4404;5116;8815;23%;45521;16000;1700;63221;5268;67478
ottimistico;2026;3;ordinario;5505;1082;442;2214;60%;1767;8000;425;10192;3397;22020
ottimistico;2027;12;ordinario;54369;4734;5098;20744;52%;23792;26000;1700;51492;4291;57453
ottimistico;2027;12;forfettario;54369;4734;4376;7310;24%;37949;26000;1700;65649;5471;57453
ottimistico;2028;12;ordinario;86199;4604;8294;27881;44%;45419;4000;1700;51119;4260;97568
ottimistico;2028;12;forfettario;86199;4604;6859;9382;20%;65354;4000;1700;71054;5921;97568
